{
  "_COMMENT": "TEMPLATE VARIABLES - CE JOUR-LÀ",
  "_NOTE": "Copier ce template dans Make et remplacer les valeurs",
  
  "GLOBALES": {
    "PRENOM": "Marie",
    "PRENOM_UPPER": "MARIE",
    "DATE_COMPLETE_FR": "15 mars 1990",
    "ANNEE_NAISSANCE": "1990",
    "AGE_ACTUEL": "34"
  },
  
  "EVENEMENT_HISTORIQUE": {
    "EVENEMENT_TITRE": "Chute du mur de Berlin",
    "EVENEMENT_DESCRIPTION": "Le symbole de la guerre froide tombe",
    "EVENEMENT_RECIT": "[Paragraphe de 80-120 mots racontant l'événement]"
  },
  
  "FILMS": {
    "FILM_JOUR_TITRE": "Titanic",
    "FILM_JOUR_DESCRIPTION": "Le film catastrophe de James Cameron sort en salles",
    "FILM_ANNEE_TITRE": "Le Roi Lion",
    "FILM_ANNEE_DESCRIPTION": "Disney révolutionne le film d'animation"
  },
  
  "CELEBRITES_NEES": {
    "NAISSANCE_1_NOM": "Albert Einstein",
    "NAISSANCE_1_ANNEE": "1879",
    "NAISSANCE_1_DESCRIPTION": "Physicien théoricien",
    "NAISSANCE_2_NOM": "Quincy Jones",
    "NAISSANCE_2_ANNEE": "1933",
    "NAISSANCE_2_DESCRIPTION": "Compositeur légendaire"
  },
  
  "CELEBRITES_DECEDEES": {
    "DECES_1_NOM": "Karl Marx",
    "DECES_1_ANNEE": "1883",
    "DECES_1_DESCRIPTION": "Philosophe et économiste",
    "DECES_2_NOM": "Gérard Philipe",
    "DECES_2_ANNEE": "1959",
    "DECES_2_DESCRIPTION": "Acteur français"
  },
  
  "METEO": {
    "METEO_TEMPERATURE": "18°C",
    "METEO_DESCRIPTION": "Ciel dégagé, légère brise",
    "METEO_ICONE": "☀️"
  },
  
  "STATISTIQUES_MONDE": {
    "POPULATION_MONDE": "5,3 milliards",
    "POPULATION_FRANCE": "58 millions",
    "PRIX_PAIN": "3,50 F"
  },
  
  "CULTURE_POP": {
    "CHANSON_TOP": "Lambada - Kaoma",
    "CHANSON_TOP_EXPLICATION": "Tube de l'été",
    "SERIE_POPULAIRE": "Hélène et les Garçons",
    "JEU_CULTE": "Super Mario Bros 3",
    "MODE_TENDANCE": "Jeans délavés, bombers colorés"
  },
  
  "CARTE_IDENTITE": {
    "TRAIT_1": "Curieux",
    "TRAIT_2": "Rêveur",
    "TRAIT_3": "Tenace",
    "DEVISE": "Carpe Diem",
    "ROLE_FICTION": "L'Explorateur",
    "SUPERPOWER": "Vision nocturne"
  },
  
  "FICTION": {
    "FICTION_TEXTE": "[Histoire de 380-420 mots générée par Claude]",
    "FICTION_IMAGE_URL": "https://..."
  },
  
  "MIROIR": {
    "MIROIR_TEXT": "[Texte introspectif de 50-70 mots]"
  },
  
  "CAPSULE_TEMPORELLE": {
    "CAPSULE_IMAGE_URL": "https://..."
  },
  
  "JOURNEE_TYPE": {
    "AGE_CIBLE": "8",
    "ANNEE_CALCULEE": "1998",
    "JOURNEE_MATIN": "[Description 30-40 mots]",
    "JOURNEE_MATIN_SENSORY": "[Détails sensoriels]",
    "JOURNEE_APRES_MIDI": "[Description 30-40 mots]",
    "JOURNEE_APRES_MIDI_SENSORY": "[Détails sensoriels]",
    "JOURNEE_SOIR": "[Description 30-40 mots]",
    "JOURNEE_SOIR_SENSORY": "[Détails sensoriels]"
  },
  
  "STATS_VIE": {
    "_IMPORTANT": "UNIQUEMENT MAJUSCULES - PAS DE MINUSCULES !",
    "AGE_ACTUEL": "34",
    "BATTEMENTS_COEUR": "1 234 567 890",
    "RESPIRATIONS": "345 678 900",
    "HEURES_SOMMEIL": "102 340",
    "REPAS_PRIS": "37 230",
    "PAS_MARCHES": "234 567 890",
    "KM_AUTOUR_SOLEIL": "32 milliards",
    "ORBITES_LUNAIRES": "420",
    "POPULATION_AUGMENTATION": "+2,1 milliards",
    "AUGMENTATION_PAIN": "x 3,4",
    "INVENTIONS": "Smartphones, GPS, Wi-Fi",
    "DECOUVERTES": "Exoplanètes, CRISPR"
  },
  
  "MESSAGE_PERSONNEL": {
    "_NOTE": "Optionnel - seulement si commandé",
    "PRENOM_EXPEDITEUR": "Papa",
    "RELATION": "père",
    "FORMULE_OUVERTURE": "Mon cher",
    "MESSAGE_PERSONNALISE": "[Message de 120-150 mots]",
    "DATE_OFFRE": "Noël 2024"
  },
  
  "CONCLUSION": {
    "paragraphe_1": "[Premier paragraphe]",
    "paragraphe_2": "[Deuxième paragraphe]",
    "qualite_1": "résilient",
    "qualite_2": "curieux",
    "qualite_3": "lumineux",
    "message_final": "[Message final 40-50 mots]"
  },
  
  "CERTIFICAT": {
    "NUMERO_UNIQUE": "20240115-0042",
    "DATE_CREATION_LIVRE": "15 janvier 2024"
  },
  
  "MESSAGE_FUTUR": {
    "ANNEE_FUTURE": "2034"
  },
  
  "NOSTALGIE": {
    "age": "8",
    "matin": "[Description 30-40 mots]",
    "apresmidi": "[Description 30-40 mots]",
    "soir": "[Description 30-40 mots]",
    "ecran_1": "Pokémon sur France 2",
    "ecran_2": "Buffy contre les vampires",
    "ecran_3": "Fort Boyard",
    "musique_1": "Barbie Girl - Aqua",
    "musique_2": "Wannabe - Spice Girls",
    "musique_3": "Blue - Eiffel 65",
    "gouter_1": "Kinder Bueno",
    "gouter_2": "Prince chocolat",
    "gouter_3": "Fingers",
    "lecture_1": "Harry Potter",
    "lecture_2": "Picsou Magazine",
    "lecture_3": "Chair de Poule",
    "jeu_1": "Tamagotchi",
    "jeu_2": "Game Boy Color",
    "jeu_3": "Cartes Pokémon",
    "expression_1": "Trop de la balle !",
    "expression_2": "C'est pas faux",
    "expression_3": "Grave !",
    "expression_4": "Chuis vénère",
    "objet_1": "Walkman Sony jaune",
    "objet_2": "Yo-yo lumineux",
    "objet_3": "Pogs métalliques"
  },
  
  "MOODBOARD": {
    "annee": "1990",
    "image_ia_mood_general": "https://...",
    "image_1": "https://...",
    "caption_1": "Mode années 90",
    "image_2": "https://...",
    "caption_2": "Objet culte",
    "image_3": "https://...",
    "caption_3": "Technologie rétro",
    "chanson_titre": "Lambada",
    "chanson_artiste": "Kaoma",
    "serie_tv": "Beverly Hills",
    "film": "Danse avec les loups",
    "livre": "Jurassic Park",
    "bd": "Tintin au Tibet",
    "jouet_1": "Game Boy",
    "jouet_2": "Polly Pocket",
    "gouter_1": "Carambar",
    "gouter_2": "Malabar",
    "celebrite_nee": "Emma Watson",
    "evenement_1": "Réunification allemande",
    "evenement_2": "Libération de Mandela",
    "president_fr": "François Mitterrand",
    "population": "56,7 millions",
    "naissances": "762 000",
    "smic": "5 120 F",
    "prix_baguette": "2,80 F",
    "prix_essence": "5,20 F",
    "prix_cinema": "35 F",
    "prix_timbre": "2,30 F",
    "albums_vendus": "156 millions"
  },
  
  "MANUEL_UTILISATION": {
    "_NOTE": "Page humoristique",
    "PRENOM_UPPER": "MARIE",
    "SPEC_1_LABEL": "Modèle",
    "SPEC_1_VALUE": "Humain Édition 1990",
    "SPEC_2_LABEL": "Carburant",
    "SPEC_2_VALUE": "Café & chocolat",
    "SPEC_3_LABEL": "Garantie",
    "SPEC_3_VALUE": "Illimitée si bien traité",
    "INCIDENT_NOM": "Bug de la trentaine",
    "INCIDENT_DUREE": "3-5 ans",
    "INCIDENT_CONTEXTE": "[Description humoristique]",
    "INCIDENT_CITATION": "[Citation drôle]",
    "INCIDENT_NECESSITE": "[Conseil]",
    "INCIDENT_IMPACT": "Réflexion existentielle",
    "TEMOIGNAGE_STARS": "⭐⭐⭐⭐⭐",
    "TEMOIGNAGE_TEXTE": "[Témoignage humoristique]",
    "TEMOIGNAGE_AUTEUR": "Un proche anonyme",
    "EVAL_1_LABEL": "Niveau café",
    "EVAL_1_SCORE": "9/10",
    "EVAL_1_ICON": "☕",
    "EVAL_2_LABEL": "Sociabilité",
    "EVAL_2_SCORE": "8/10",
    "EVAL_2_ICON": "👥",
    "EVAL_3_LABEL": "Humour",
    "EVAL_3_SCORE": "10/10",
    "EVAL_3_ICON": "😂",
    "EXPERT_NOM": "Dr. Temps",
    "EXPERT_TITRE": "Chronobiologiste",
    "ANALYSE_EXPERT": "[Citation d'expert humoristique]",
    "GARANTIE_LIGNE1": "Garantie satisfaction",
    "GARANTIE_LIGNE2": "À vie",
    "GARANTIE_LIGNE3": "Sous conditions"
  }
}
